trial_id,master_seed,deployment_seed,energy_seed,demand_seed,mobility_seed,efficiency_seed,scenario_seed,algorithm_seed
0,2026062300,2026062301,2026062302,2026062303,2026062304,2026062305,2026062306,2026062307
1,2026062400,2026062401,2026062402,2026062403,2026062404,2026062405,2026062406,2026062407
2,2026062500,2026062501,2026062502,2026062503,2026062504,2026062505,2026062506,2026062507
3,2026062600,2026062601,2026062602,2026062603,2026062604,2026062605,2026062606,2026062607
4,2026062700,2026062701,2026062702,2026062703,2026062704,2026062705,2026062706,2026062707
5,2026062800,2026062801,2026062802,2026062803,2026062804,2026062805,2026062806,2026062807
6,2026062900,2026062901,2026062902,2026062903,2026062904,2026062905,2026062906,2026062907
7,2026063000,2026063001,2026063002,2026063003,2026063004,2026063005,2026063006,2026063007
8,2026063100,2026063101,2026063102,2026063103,2026063104,2026063105,2026063106,2026063107
9,2026063200,2026063201,2026063202,2026063203,2026063204,2026063205,2026063206,2026063207
10,2026063300,2026063301,2026063302,2026063303,2026063304,2026063305,2026063306,2026063307
11,2026063400,2026063401,2026063402,2026063403,2026063404,2026063405,2026063406,2026063407
12,2026063500,2026063501,2026063502,2026063503,2026063504,2026063505,2026063506,2026063507
13,2026063600,2026063601,2026063602,2026063603,2026063604,2026063605,2026063606,2026063607
14,2026063700,2026063701,2026063702,2026063703,2026063704,2026063705,2026063706,2026063707
15,2026063800,2026063801,2026063802,2026063803,2026063804,2026063805,2026063806,2026063807
16,2026063900,2026063901,2026063902,2026063903,2026063904,2026063905,2026063906,2026063907
17,2026064000,2026064001,2026064002,2026064003,2026064004,2026064005,2026064006,2026064007
18,2026064100,2026064101,2026064102,2026064103,2026064104,2026064105,2026064106,2026064107
19,2026064200,2026064201,2026064202,2026064203,2026064204,2026064205,2026064206,2026064207
20,2026064300,2026064301,2026064302,2026064303,2026064304,2026064305,2026064306,2026064307
21,2026064400,2026064401,2026064402,2026064403,2026064404,2026064405,2026064406,2026064407
22,2026064500,2026064501,2026064502,2026064503,2026064504,2026064505,2026064506,2026064507
23,2026064600,2026064601,2026064602,2026064603,2026064604,2026064605,2026064606,2026064607
24,2026064700,2026064701,2026064702,2026064703,2026064704,2026064705,2026064706,2026064707
25,2026064800,2026064801,2026064802,2026064803,2026064804,2026064805,2026064806,2026064807
26,2026064900,2026064901,2026064902,2026064903,2026064904,2026064905,2026064906,2026064907
27,2026065000,2026065001,2026065002,2026065003,2026065004,2026065005,2026065006,2026065007
28,2026065100,2026065101,2026065102,2026065103,2026065104,2026065105,2026065106,2026065107
29,2026065200,2026065201,2026065202,2026065203,2026065204,2026065205,2026065206,2026065207
30,2026065300,2026065301,2026065302,2026065303,2026065304,2026065305,2026065306,2026065307
31,2026065400,2026065401,2026065402,2026065403,2026065404,2026065405,2026065406,2026065407
32,2026065500,2026065501,2026065502,2026065503,2026065504,2026065505,2026065506,2026065507
33,2026065600,2026065601,2026065602,2026065603,2026065604,2026065605,2026065606,2026065607
34,2026065700,2026065701,2026065702,2026065703,2026065704,2026065705,2026065706,2026065707
35,2026065800,2026065801,2026065802,2026065803,2026065804,2026065805,2026065806,2026065807
36,2026065900,2026065901,2026065902,2026065903,2026065904,2026065905,2026065906,2026065907
37,2026066000,2026066001,2026066002,2026066003,2026066004,2026066005,2026066006,2026066007
38,2026066100,2026066101,2026066102,2026066103,2026066104,2026066105,2026066106,2026066107
39,2026066200,2026066201,2026066202,2026066203,2026066204,2026066205,2026066206,2026066207
40,2026066300,2026066301,2026066302,2026066303,2026066304,2026066305,2026066306,2026066307
41,2026066400,2026066401,2026066402,2026066403,2026066404,2026066405,2026066406,2026066407
42,2026066500,2026066501,2026066502,2026066503,2026066504,2026066505,2026066506,2026066507
43,2026066600,2026066601,2026066602,2026066603,2026066604,2026066605,2026066606,2026066607
44,2026066700,2026066701,2026066702,2026066703,2026066704,2026066705,2026066706,2026066707
45,2026066800,2026066801,2026066802,2026066803,2026066804,2026066805,2026066806,2026066807
46,2026066900,2026066901,2026066902,2026066903,2026066904,2026066905,2026066906,2026066907
47,2026067000,2026067001,2026067002,2026067003,2026067004,2026067005,2026067006,2026067007
48,2026067100,2026067101,2026067102,2026067103,2026067104,2026067105,2026067106,2026067107
49,2026067200,2026067201,2026067202,2026067203,2026067204,2026067205,2026067206,2026067207
